SET NAMES utf8mb4;
USE estudy_plus;

-- 数据完整性题目(course 7)
INSERT INTO question (id, course_id, category_id, content, question_type, options, answer, analysis, difficulty, score) VALUES
(16, 7, 4, 'ALCOA原则中的A代表什么？', 1, '[{"key":"A","value":"可归因性"},{"key":"B","value":"可用性"},{"key":"C","value":"准确性"},{"key":"D","value":"清晰性"}]', 'A', 'ALCOA中第一个A代表Attributable，数据必须能追溯至执行人。', 1, 5),
(17, 7, 4, '以下哪些属于电子数据完整性要求？', 2, '[{"key":"A","value":"审计追踪功能"},{"key":"B","value":"电子签名"},{"key":"C","value":"共享登录账号"},{"key":"D","value":"定期备份"}]', 'A,B,D', '共享登录账号违反数据完整性原则，每个操作必须可归因到个人。', 2, 5),
(18, 7, 4, '审计追踪可以事后关闭。', 3, '[{"key":"A","value":"对"},{"key":"B","value":"错"}]', 'B', '审计追踪必须始终开启，不得关闭或修改。', 1, 5),
(19, 7, 4, '原始数据的定义是？', 1, '[{"key":"A","value":"最终报告中的数据"},{"key":"B","value":"首次采集或获取的数据"},{"key":"C","value":"经过处理的数据"},{"key":"D","value":"打印出来的数据"}]', 'B', '原始数据指首次采集或获取的数据记录，包括电子和纸质形式。', 2, 5),
(20, 7, 4, '以下关于数据备份的说法正确的是？', 1, '[{"key":"A","value":"备份可以只保留在原服务器"},{"key":"B","value":"备份需异地存储并定期验证可恢复性"},{"key":"C","value":"备份无需验证"},{"key":"D","value":"手动备份即可无需自动化"}]', 'B', '数据备份需异地存储，且必须定期验证备份的可恢复性。', 2, 5),

-- 项目管理题目(course 8)
(21, 8, 3, '项目管理的五大过程组依次是？', 1, '[{"key":"A","value":"启动规划执行监控收尾"},{"key":"B","value":"规划启动执行监控收尾"},{"key":"C","value":"启动执行规划监控收尾"},{"key":"D","value":"规划执行启动收尾监控"}]', 'A', '五大过程组顺序：启动到规划到执行到监控到收尾。', 1, 5),
(22, 8, 3, '项目章程包含以下哪些内容？', 2, '[{"key":"A","value":"项目目标"},{"key":"B","value":"高层级需求"},{"key":"C","value":"详细WBS"},{"key":"D","value":"项目经理任命"}]', 'A,B,D', '项目章程包含目标和需求概要，详细WBS属于规划阶段产出。', 2, 5),
(23, 8, 3, '关键路径上的活动可以延迟而不影响项目工期。', 3, '[{"key":"A","value":"对"},{"key":"B","value":"错"}]', 'B', '关键路径上任何活动的延迟都会导致项目延期，总浮动时间为零。', 1, 5),

-- 细胞培养题目(course 9)
(24, 9, 6, '细胞冻存时常用的冻存液DMSO浓度是？', 1, '[{"key":"A","value":"5%"},{"key":"B","value":"10%"},{"key":"C","value":"20%"},{"key":"D","value":"50%"}]', 'B', '标准冻存液为10% DMSO加90% FBS或培养基。', 1, 5),
(25, 9, 6, '以下哪些是细胞污染的常见类型？', 2, '[{"key":"A","value":"细菌污染"},{"key":"B","value":"真菌污染"},{"key":"C","value":"支原体污染"},{"key":"D","value":"辐射污染"}]', 'A,B,C', '辐射不是细胞培养的污染类型，细菌真菌支原体是最常见的三种污染。', 1, 5),
(26, 9, 6, '细胞传代的目的是维持细胞的对数生长状态。', 3, '[{"key":"A","value":"对"},{"key":"B","value":"错"}]', 'A', '传代可避免细胞过度融合导致接触抑制，维持对数生长期。', 1, 5),
(27, 9, 6, '支原体检测的金标准方法是？', 1, '[{"key":"A","value":"显微镜观察"},{"key":"B","value":"PCR法"},{"key":"C","value":"培养法"},{"key":"D","value":"流式细胞术"}]', 'C', '培养法是支原体检测的金标准，PCR为快速筛查方法。', 2, 5),

-- 质量审核题目(course 10)
(28, 10, 4, '内部审核的首要目的是？', 1, '[{"key":"A","value":"惩罚不符合项责任人"},{"key":"B","value":"发现并纠正体系缺陷"},{"key":"C","value":"应对外部审计"},{"key":"D","value":"更新SOP文件"}]', 'B', '内审的核心目的是发现体系缺陷并推动持续改进，而非惩罚。', 1, 5),
(29, 10, 4, '不符合项的CAPA包括以下哪些要素？', 2, '[{"key":"A","value":"根本原因分析"},{"key":"B","value":"纠正措施"},{"key":"C","value":"预防措施"},{"key":"D","value":"立即关闭不记录"}]', 'A,B,C', 'CAPA需包含根因分析纠正和预防措施，不可关闭不记录。', 2, 5),
(30, 10, 4, '内审员可以审核自己负责的区域。', 3, '[{"key":"A","value":"对"},{"key":"B","value":"错"}]', 'B', '内审员应避免审核自身工作区域，确保审核的独立性和客观性。', 1, 5),

-- 文献检索题目(course 11)
(31, 11, 5, 'PubMed中AND运算符的作用是？', 1, '[{"key":"A","value":"扩大检索范围"},{"key":"B","value":"缩小检索范围取交集"},{"key":"C","value":"排除关键词"},{"key":"D","value":"模糊匹配"}]', 'B', 'AND取交集缩小结果范围，OR取并集扩大范围。', 1, 5),
(32, 11, 5, '以下哪些是文献管理工具？', 2, '[{"key":"A","value":"EndNote"},{"key":"B","value":"Zotero"},{"key":"C","value":"Photoshop"},{"key":"D","value":"Mendeley"}]', 'A,B,D', 'Photoshop是图像编辑软件，不是文献管理工具。', 1, 5),

-- 药典题目(course 12)
(33, 12, 4, '中国药典的现行版本是？', 1, '[{"key":"A","value":"2015版"},{"key":"B","value":"2020版"},{"key":"C","value":"2025版"},{"key":"D","value":"2010版"}]', 'B', '中国药典每5年修订一次，现行版本为2020版。', 1, 5),
(34, 12, 4, '药典凡例中对恒重的定义为？', 1, '[{"key":"A","value":"两次称量差异不超过0.1mg"},{"key":"B","value":"两次称量差异不超过0.3mg"},{"key":"C","value":"称量值不变"},{"key":"D","value":"两次称量差异不超过1mg"}]', 'B', '药典凡例规定恒重为连续两次干燥或炽灼后称量差异不超过0.3mg。', 2, 5),
(35, 12, 4, '微生物限度检查需要在生物安全柜中进行。', 3, '[{"key":"A","value":"对"},{"key":"B","value":"错"}]', 'B', '微生物限度检查需在洁净环境中进行，非必须生物安全柜。', 2, 5);

-- 补充试卷
INSERT INTO exam_paper (id, title, course_id, description, total_score, pass_score, duration, exam_type, status, max_attempts) VALUES
(4, '数据完整性知识考核', 7, 'ALCOA原则与数据管理考核', 25, 20, 20, 1, 1, -1),
(5, '细胞培养技术考核', 9, '细胞培养操作规范考核，通过后可独立开展细胞实验', 25, 20, 20, 2, 1, 3),
(6, '质量审核员资格考试', 10, '内审员资质考核', 15, 12, 15, 2, 1, 2),
(7, '药典知识随堂测验', 12, '药典通则基础测验', 15, 10, 15, 1, 1, -1);

INSERT INTO exam_paper_question (paper_id, question_id, sort, score) VALUES
(4, 16, 1, 5), (4, 17, 2, 5), (4, 18, 3, 5), (4, 19, 4, 5), (4, 20, 5, 5),
(5, 24, 1, 5), (5, 25, 2, 5), (5, 26, 3, 5), (5, 27, 4, 5), (5, 16, 5, 5),
(6, 28, 1, 5), (6, 29, 2, 5), (6, 30, 3, 5),
(7, 33, 1, 5), (7, 34, 2, 5), (7, 35, 3, 5);

-- 补充考试记录
INSERT INTO exam_record (id, user_id, paper_id, score, total_score, passed, status, start_time, submit_time, duration) VALUES
(6, 4, 4, 25, 25, 1, 2, '2026-05-22 10:00:00', '2026-05-22 10:15:00', 900),
(7, 6, 5, 20, 25, 1, 2, '2026-05-23 09:00:00', '2026-05-23 09:17:00', 1020),
(8, 8, 7, 15, 15, 1, 2, '2026-05-23 14:00:00', '2026-05-23 14:12:00', 720),
(9, 2, 4, 15, 25, 0, 2, '2026-05-23 16:00:00', '2026-05-23 16:18:00', 1080),
(10, 7, 5, 15, 25, 0, 2, '2026-05-24 09:30:00', '2026-05-24 09:50:00', 1200);

-- 补充更多社区帖子
INSERT INTO post (id, user_id, title, content, category, view_count, like_count, comment_count, is_top, status) VALUES
(7, 6, 'LC-MS样品前处理经验汇总', '整理了几个常用的样品前处理方法，分享给大家：\n\n1. 蛋白沉淀法 - 最简单快速，适合高浓度样品\n2. 液液萃取 - 选择性好，但操作繁琐\n3. 固相萃取 - 净化效果最佳，成本较高\n4. 磷酸锌沉淀 - 近期文献推荐的新方法\n\n不同项目根据灵敏度需求选择即可，不一定要上最复杂的SPE。', '分享', 189, 19, 3, 0, 1),
(8, 8, '药典凡例常考知识点', '考试将至，把药典凡例高频考点整理一下：\n\n- 恒重：两次称量差异不超过0.3mg\n- 干燥失重：一般在105度干燥至恒重\n- 炽灼残渣：一般在700-800度炽灼\n- 空白试验：消除试剂本身的影响\n- 称取0.1g：指0.06-0.14g\n- 精密称定：准确至0.1mg\n\n祝大家考试顺利！', '分享', 245, 26, 4, 0, 1),
(9, 4, '关于洁净区环境监测频率的疑问', '我们实验室最近升级了洁净区，想请教一下环境监测的频率应该怎么定？\n\n目前方案：\n- 每日：沉降菌\n- 每周：浮游菌+悬浮粒子\n- 每月：表面微生物\n\n这个频率是否合规？有没有相关法规指引？', '提问', 98, 8, 5, 0, 1),
(10, 3, '如何高效准备PMP考试', '刚通过PMP考试，分享一下备考心得：\n\n1. 教材：PMBOK第六版为主，敏捷实践指南为辅\n2. 刷题：至少做1500道模拟题\n3. 时间分配：50%看教材，30%刷题，20%总结\n4. 重点：变更管理流程和风险管理考得最多\n5. 答题技巧：先排除明显错误选项，再在剩余中选最优\n\n有问题的可以评论区交流。', '分享', 167, 22, 6, 0, 1);

-- 补充评论
INSERT INTO comment (id, post_id, user_id, parent_id, reply_to_user_id, content, like_count, status) VALUES
(15, 7, 2, 0, NULL, '蛋白沉淀法确实够用，我们项目90%都用这个', 5, 1),
(16, 7, 4, 0, NULL, 'SPE成本确实高，但是有些项目不用不行', 3, 1),
(17, 8, 2, 0, NULL, '精密称定和称取的区别我每次都搞混，这次记住了', 7, 1),
(18, 8, 7, 0, NULL, '补充一个：称取2g指1.5-2.5g，精密称取2g指1.95-2.05g', 9, 1),
(19, 8, 5, 18, 7, '这个总结太好了，收藏了', 4, 1),
(20, 9, 5, 0, NULL, '建议参考GMP附录1无菌药品，对不同级别洁净区有明确监测要求', 6, 1),
(21, 9, 1, 0, NULL, '你们目前的方案基本合规，C级区可以适当降低频率', 5, 1),
(22, 9, 6, 21, 1, '请问C级区的具体频率建议是多少？', 2, 1),
(23, 10, 2, 0, NULL, '变更管理确实考得最多，建议把整个流程画成流程图记忆', 4, 1),
(24, 10, 7, 0, NULL, '1500题真的有必要，我做了2000题才稳过', 3, 1);

-- 补充点赞
INSERT INTO `like` (user_id, target_type, target_id) VALUES
(3, 1, 7), (5, 1, 7), (7, 1, 7),
(4, 1, 8), (6, 1, 8), (8, 1, 8), (1, 1, 8),
(5, 1, 9), (1, 1, 9),
(2, 1, 10), (4, 1, 10), (6, 1, 10),
(1, 2, 18), (3, 2, 18), (8, 2, 20), (5, 2, 21);

-- 补充通知
INSERT INTO notification (user_id, from_user_id, type, title, content, biz_id, is_read) VALUES
(5, 3, 'like', '收到点赞', '王芳赞了你的帖子', '1', 0),
(6, 4, 'comment', '新评论', '张军评论了你的帖子：LC-MS样品前处理经验汇总', '7', 0),
(8, 1, 'comment', '新评论', '管理员回复了你的帖子：关于洁净区环境监测频率的疑问', '9', 0);
